primaryTitle,startYear,numVotes,averageRating
Snow White and the Seven Dwarfs,1937,239566,7.6
Fantasia,1940,112004,7.7
Pinocchio,1940,173959,7.4
Dumbo,1941,151336,7.2
Bambi,1942,166446,7.3
Song of the South,1946,15315,6.9
The Adventures of Ichabod and Mr. Toad,1949,20402,6.8
Cinderella,1950,188749,7.3
Alice in Wonderland,1951,168133,7.3
Peter Pan,1953,167019,7.2
Animal Farm,1954,22050,7.2
Lady and the Tramp,1955,163265,7.3
Sleeping Beauty,1959,172204,7.2
One Hundred and One Dalmatians,1961,198165,7.3
The Sword in the Stone,1963,115341,7.1
Asterix the Gaul,1967,13261,6.6
The Jungle Book,1967,214875,7.6
Asterix and Cleopatra,1968,16109,7.2
Yellow Submarine,1968,30067,7.4
The Aristocats,1970,126356,7.1
Bedknobs and Broomsticks,1971,43656,7.1
Charlotte's Web,1973,23032,6.9
Fantastic Planet,1973,43046,7.6
Robin Hood,1973,151399,7.5
The Twelve Tasks of Asterix,1976,21582,7.7
The Pinchcliffe Grand Prix,1975,15473,8.5
The Many Adventures of Winnie the Pooh,1977,43226,7.5
The Rescuers,1977,75903,6.9
Watership Down,1978,43738,7.5
Lupin III: The Castle of Cagliostro,1979,36166,7.6
The Fox and the Hound,1981,111323,7.2
Heavy Metal,1981,42020,6.6
The Last Unicorn,1982,33527,7.3
The Plague Dogs,1982,10166,7.7
The Secret of NIMH,1982,49266,7.5
Barefoot Gen,1983,10543,8.0
Nausicaä of the Valley of the Wind,1984,198716,8.0
Asterix Versus Caesar,1985,11537,6.8
Vampire Hunter D,1985,19387,7.0
When the Wind Blows,1986,15075,7.7
An American Tail,1986,61957,6.9
Asterix in Britain,1986,13677,7.1
The Great Mouse Detective,1986,59445,7.1
Castle in the Sky,1986,199942,8.0
The Transformers: The Movie,1986,44947,7.2
The Brave Little Toaster,1987,29758,7.2
Akira,1988,229855,8.0
Grave of the Fireflies,1988,393072,8.5
The Land Before Time,1988,108125,7.4
Alice,1988,15288,7.4
Oliver & Company,1988,57536,6.6
My Neighbor Totoro,1988,437454,8.1
Who Framed Roger Rabbit,1988,234272,7.7
All Dogs Go to Heaven,1989,49944,6.8
The Little Mermaid,1989,314424,7.6
Kiki's Delivery Service,1989,190824,7.8
Wicked City,1987,11994,6.7
DuckTales: The Movie - Treasure of the Lost Lamp,1990,30598,6.8
The Rescuers Down Under,1990,51670,6.8
Beauty and the Beast,1991,508328,8.0
Only Yesterday,1991,42939,7.6
Aladdin,1992,504071,8.0
FernGully: The Last Rainforest,1992,37821,6.6
Porco Rosso,1992,118124,7.7
Batman: Mask of the Phantasm,1993,64523,7.8
The Nightmare Before Christmas,1993,414153,7.9
Ninja Scroll,1993,45120,7.8
Pom Poko,1994,39327,7.2
The Lion King,1994,1272106,8.5
Balto,1995,52290,7.1
A Goofy Movie,1995,70519,7.0
Ghost in the Shell,1995,175980,7.9
Memories,1995,26392,7.5
Whisper of the Heart,1995,84364,7.8
Pocahontas,1995,219389,6.7
Street Fighter II: The Animated Movie,1994,11291,7.2
Toy Story,1995,1192855,8.3
Beavis and Butt-Head Do America,1996,63187,6.8
The Hunchback of Notre Dame,1996,185998,7.0
James and the Giant Peach,1996,79117,6.7
Anastasia,1997,148064,7.2
Hercules,1997,282605,7.3
Princess Mononoke,1997,488585,8.3
Toy Story 2,1999,680930,7.9
A Bug's Life,1998,340125,7.2
Chicken Run,2000,226281,7.1
Mulan,1998,349675,7.7
The Prince of Egypt,1998,163823,7.3
Tarzan,1999,271208,7.3
Fantasia 2000,1999,44248,7.1
Titan A.E.,2000,67079,6.6
The Emperor's New Groove,2000,251662,7.4
Corpse Bride,2005,330942,7.4
Shrek,2001,818277,7.9
The Iron Giant,1999,264063,8.1
Treasure Planet,2002,149876,7.2
The Road to El Dorado,2000,120289,6.9
Dragon Ball Z: Fusion Reborn,1995,13799,7.6
Dragon Ball Z: Broly - The Legendary Super Saiyan,1993,13499,7.3
Dragon Ball Z: Wrath of the Dragon,1995,11031,7.4
Perfect Blue,1997,125538,8.0
"South Park: Bigger, Longer & Uncut",1999,224135,7.7
Sinbad: Legend of the Seven Seas,2003,64805,6.8
Spirit: Stallion of the Cimarron,2002,95010,7.2
Neon Genesis Evangelion: The End of Evangelion,1997,78386,8.1
Neon Genesis Evangelion: Death & Rebirth,1997,17183,7.2
Cat City,1986,11690,8.3
Kirikou and the Sorceress,1998,12309,7.5
Jin-Roh: The Wolf Brigade,1999,21295,7.3
"Monsters, Inc.",2001,1086679,8.1
My Neighbors the Yamadas,1999,17903,7.1
Vampire Hunter D: Bloodlust,2000,42131,7.7
Atlantis: The Lost Empire,2001,149474,6.9
Waking Life,2001,69796,7.6
Spirited Away,2001,979757,8.6
Ramayana: The Legend of Prince Rama,1993,17988,9.1
Finding Nemo,2003,1220376,8.2
Ice Age,2002,570066,7.5
Blood: The Last Vampire,2000,14234,6.6
Cowboy Bebop: The Movie,2001,57691,7.8
Lilo & Stitch,2002,246321,7.4
The Triplets of Belleville,2003,58548,7.7
The Powerpuff Girls Movie,2002,11700,6.6
Millennium Actress,2001,37422,7.8
Metropolis,2001,24081,7.2
Shrek 2,2004,561294,7.4
Wallace & Gromit: The Curse of the Were-Rabbit,2005,158301,7.5
Cars,2006,545148,7.3
The Incredibles,2004,912501,8.0
Over the Hedge,2006,204905,6.7
Coraline,2009,304198,7.8
Brother Bear,2003,137840,6.9
The Polar Express,2004,273135,6.6
The SpongeBob SquarePants Movie,2004,112531,7.2
Howl's Moving Castle,2004,519044,8.2
Ghost in the Shell 2: Innocence,2004,42967,7.4
The Cat Returns,2002,73278,7.1
Steamboy,2004,19829,6.8
Madagascar,2005,485522,7.0
Interstella 5555: The 5tory of the 5ecret 5tar 5ystem,2003,17916,7.8
The Place Promised in Our Early Days,2004,16297,6.8
Ratatouille,2007,959940,8.1
Final Fantasy VII: Advent Children,2005,59867,7.1
Monster House,2006,157385,6.7
Renaissance,2006,16786,6.6
Terkel in Trouble,2004,13334,7.1
Tokyo Godfathers,2003,55620,7.8
Meet the Robinsons,2007,123086,6.8
Bolt,2008,250358,6.8
Tangled,2010,551545,7.7
Appleseed,2004,19047,6.9
A Scanner Darkly,2006,122360,7.0
Surf's Up,2007,103689,6.7
Flushed Away,2006,150834,6.6
Fantastic Mr. Fox,2009,308895,7.9
Toy Story 3,2010,985720,8.3
Ice Age: The Meltdown,2006,320879,6.8
Kung Fu Panda,2008,587510,7.6
Puss in Boots,2011,213706,6.6
Horton Hears a Who!,2008,159624,6.8
Mind Game,2004,12245,7.7
Aqua Teen Hunger Force Colon Movie Film for Theaters,2007,14908,6.7
Enchanted,2007,226352,7.1
The Simpsons Movie,2007,364796,7.3
9,2009,158189,7.0
Madagascar: Escape 2 Africa,2008,274048,6.7
The Croods,2013,254088,7.1
Fullmetal Alchemist the Movie: Conqueror of Shamballa,2005,13017,7.3
The Secret of Kells,2009,41128,7.5
The Illusionist,2010,37788,7.4
The Princess and the Frog,2009,189397,7.2
The Boxtrolls,2014,65441,6.8
Persepolis,2007,106833,8.0
The Girl Who Leapt Through Time,2006,76472,7.6
One Piece: The Movie,2000,10052,6.8
Tekkonkinkreet,2006,15722,7.5
Hotel Transylvania,2012,318080,7.1
Cloudy with a Chance of Meatballs,2009,288920,6.9
Epic,2013,115041,6.6
Paprika,2006,114996,7.7
Evangelion: 2.0 You Can (Not) Advance,2009,29328,7.9
Evangelion: 3.0 You Can (Not) Redo,2012,22393,6.9
Mr. Peabody & Sherman,2014,85104,6.8
Ponyo,2008,188088,7.6
How to Train Your Dragon,2010,904867,8.1
WALL·E,2008,1335692,8.4
Evangelion: 1.0 You Are (Not) Alone,2007,32219,7.5
A Monster in Paris,2011,24445,6.7
Mary and Max,2009,202836,8.1
The Adventures of Tintin,2011,256852,7.3
5 Centimeters per Second,2007,71713,7.4
Megamind,2010,329282,7.3
Appleseed: Ex Machina,2007,10116,7.0
Up,2009,1250245,8.3
Ne Zha,2019,23810,7.3
A Christmas Carol,2009,141933,6.8
Entergalactic,2022,21257,7.4
Ice Age: Dawn of the Dinosaurs,2009,288456,6.9
Demon Slayer: Kimetsu no Yaiba - The Movie: Mugen Train,2020,102628,8.2
My Hero Academia: Heroes Rising,2019,13167,7.8
Sword of the Stranger,2007,20053,7.7
Frankenweenie,2012,127254,6.9
The Witcher: Nightmare of the Wolf,2021,55479,7.2
The House,2022,26252,6.8
Waltz with Bashir,2008,62869,8.0
Rango,2011,323056,7.3
A Whisker Away,2020,18531,6.7
Brave,2012,483818,7.1
Secret of the Wings,2012,16631,7.0
Legend of the Guardians: The Owls of Ga'Hoole,2010,92444,6.9
Chico & Rita,2009,10102,7.2
Attack on Titan: Chronicle,2020,13038,8.3
Ghost in the Shell 2.0,2008,16212,7.8
Madagascar 3: Europe's Most Wanted,2012,220308,6.8
Luca,2021,226613,7.4
"Josee, the Tiger and the Fish",2020,12812,7.7
Kung Fu Panda 2,2011,362054,7.3
Mufasa: The Lion King,2024,84130,6.6
Despicable Me,2010,638833,7.6
Robot Dreams,2023,25560,7.6
Belle,2021,20812,7.0
Beavis and Butt-Head Do the Universe,2022,14896,7.0
KPop Demon Hunters,2025,140924,7.4
Arthur Christmas,2011,74016,7.1
The Pirates! Band of Misfits,2012,54683,6.7
"Batman: The Long Halloween, Part One",2021,23145,7.3
Jujutsu Kaisen 0,2021,65863,7.8
Rio,2011,276509,6.9
"Batman: The Long Halloween, Part Two",2021,19690,7.2
Rise of the Guardians,2012,210922,7.2
Winnie the Pooh,2011,31236,7.1
Monsters University,2013,429370,7.2
Dragon Ball Super: Super Hero,2022,19186,7.1
Summer Wars,2009,34399,7.4
Redline,2009,21447,7.5
That Christmas,2024,20678,6.8
Guillermo del Toro's Pinocchio,2022,166487,7.6
Demon Slayer: Kimetsu no Yaiba - Mt. Natagumo Arc,2020,18857,8.7
The Lego Movie,2014,419786,7.7
Mad God,2021,21073,6.8
The First Slam Dunk,2022,13210,8.0
Marcel the Shell with Shoes On,2021,34275,7.6
The Secret World of Arrietty,2010,118568,7.6
Elemental,2023,168096,7.0
One Piece Film: Red,2022,26993,6.7
ParaNorman,2012,118377,7.0
Suzume,2022,65064,7.6
How to Train Your Dragon 2,2014,405804,7.8
Demon Slayer: Kimetsu no Yaiba - Tsuzumi Mansion Arc,2021,36693,8.4
A Cat in Paris,2010,12587,6.9
Despicable Me 2,2013,464008,7.3
Wallace & Gromit: Vengeance Most Fowl,2024,42338,7.5
The Little Prince,2015,72102,7.6
Wreck-It Ralph,2012,503735,7.7
From Up on Poppy Hill,2011,60148,7.4
Ernest & Celestine,2012,24552,7.8
Avatar Aang: The Last Airbender,2026,19820,7.8
Children Who Chase Lost Voices,2011,18714,7.1
Song of the Sea,2014,68768,8.0
Penguins of Madagascar,2014,117550,6.7
Nimona,2023,63099,7.5
Toy Story 4,2019,326850,7.6
The Good Dinosaur,2015,141709,6.7
The Remarkable Life of Ibelin,2024,15313,8.1
The Wind Rises,2013,114652,7.8
To the Forest of Firefly Lights,2011,25724,7.8
Inside Out,2015,928154,8.1
Wolf Children,2012,55524,8.1
Inside Out 2,2024,258036,7.5
Berserk: The Golden Age Arc I - The Egg of the King,2012,16185,7.5
Big Hero 6,2014,559707,7.8
Leap!,2016,27082,6.8
The Book of Life,2014,85348,7.2
Dragon Ball Z: Battle of Gods,2013,32363,7.1
Kung Fu Panda 3,2016,222143,7.1
Finding Dory,2016,338431,7.2
Black Clover: Sword of the Wizard King,2023,10134,7.4
Frozen,2013,719249,7.4
My Life as a Zucchini,2016,33323,7.8
Berserk: The Golden Age Arc II - The Battle for Doldrey,2012,13505,7.7
Berserk: The Golden Age Arc III - The Advent,2013,13496,7.9
One Piece Film: Z,2012,11892,7.7
Memoir of a Snail,2024,26365,7.8
Coco,2017,721482,8.4
How to Train Your Dragon: The Hidden World,2019,182112,7.4
Anomalisa,2015,79049,7.2
The Peanuts Movie,2015,53913,7.0
Evangelion: 3.0+1.0 Thrice Upon a Time,2021,18753,8.0
Hotel Transylvania 2,2015,164818,6.6
The Tale of The Princess Kaguya,2013,62796,8.0
The Garden of Words,2013,61205,7.4
Zootopia 2,2025,150193,7.3
Hoppers,2026,80194,7.2
Demon Slayer: Kimetsu No Yaiba - To the Swordsmith Village,2023,17910,7.7
Mars Express,2023,15467,7.5
GOAT,2026,29581,6.6
The Croods: A New Age,2020,62473,6.9
Shaun the Sheep Movie,2015,47209,7.3
Toy Story 5,2026,63836,7.5
Zootopia,2016,646343,8.0
Soul,2020,455451,8.0
Encanto,2021,300244,7.2
Swapped,2026,23179,7.3
The Wild Robot,2024,234024,8.2
Steins;Gate: The Movie - Load Region of Déjà Vu,2013,11708,7.8
Patema Inverted,2013,11412,7.3
The Bad Guys 2,2025,30821,7.0
Demon Slayer: Kimetsu No Yaiba - To the Hashira Training,2024,11128,7.3
The Jungle Book,2016,307313,7.3
Chainsaw Man - The Movie: Reze Arc,2025,65119,8.3
Look Back,2024,23503,7.8
Loving Vincent,2017,68731,7.8
Demon Slayer: Kimetsu No Yaiba Infinity Castle,2025,80147,8.4
Attack on Titan: The Last Attack,2024,34720,8.9
Stand by Me Doraemon,2014,11293,7.4
Solo Leveling: ReAwakening,2024,17605,8.7
When Marnie Was There,2014,56013,7.6
Ferdinand,2017,71932,6.7
Mahavatar Narsimha,2024,48404,8.5
Sing,2016,215642,7.1
Ne Zha 2,2025,25482,7.9
Chip 'n Dale: Rescue Rangers,2022,51297,6.9
Moana,2016,448175,7.6
Bilal: A New Breed of Hero,2015,19355,7.5
Cars 3,2017,155805,6.7
Incredibles 2,2018,375878,7.5
Predator: Killer of Killers,2025,62574,7.4
The Red Turtle,2016,42516,7.5
The Last: Naruto the Movie,2014,21082,7.6
Astérix: The Mansions of the Gods,2014,17132,6.9
Dragon Ball Z: Resurrection 'F',2015,25941,7.1
The Breadwinner,2017,31157,7.7
Puss in Boots: The Last Wish,2022,229648,7.9
The Lego Batman Movie,2017,196420,7.3
The Boy and the Beast,2015,30220,7.6
Kubo and the Two Strings,2016,147929,7.7
Frozen II,2019,222286,6.8
Boruto: Naruto the Movie,2015,13832,7.7
Storks,2016,73217,6.8
Spider-Man: Into the Spider-Verse,2018,807830,8.4
Klaus,2019,240949,8.2
In This Corner of the World,2016,14064,7.8
Flow,2024,152154,7.8
Elio,2025,47661,6.6
Isle of Dogs,2018,213619,7.8
Raya and the Last Dragon,2021,189375,7.3
Peter Rabbit,2018,53851,6.6
Wolfwalkers,2020,45841,8.0
Your Name.,2016,401077,8.4
A Silent Voice: The Movie,2016,147768,8.2
Sword Art Online the Movie: Ordinal Scale,2017,10238,7.3
Wish Dragon,2021,39645,7.2
Kingsglaive: Final Fantasy XV,2016,24437,6.7
Leo,2023,46945,7.0
Spies in Disguise,2019,63573,6.8
Ralph Breaks the Internet,2018,208213,7.0
Gantz: O,2016,18008,7.1
The Lion King,2019,294476,6.8
Smallfoot,2018,46058,6.6
A Shaun the Sheep Movie: Farmageddon,2019,17578,6.8
Abominable,2019,47227,7.0
Mary and the Witch's Flower,2017,19563,6.8
Vivo,2021,23861,6.7
Missing Link,2019,31121,6.7
Sing 2,2021,102896,7.3
Migration,2023,48172,6.6
Blame!,2017,10141,6.6
The Boy and the Heron,2023,150209,7.3
The Super Mario Bros. Movie,2023,300673,7.0
Mirai,2018,19993,7.0
The Summit of the Gods,2021,11578,7.5
Next Gen,2018,21297,6.6
Onward,2020,188410,7.3
I Want to Eat Your Pancreas,2018,37590,8.1
Maquia: When the Promised Flower Blooms,2018,11153,7.4
Teen Titans GO! To the Movies,2018,24122,6.7
The Bob's Burgers Movie,2022,24525,7.0
Ron's Gone Wrong,2021,46286,7.1
My Hero Academia: Two Heroes,2018,16026,7.3
Dragon Ball Super: Broly,2018,37738,7.7
Apollo 10½: A Space Age Childhood,2022,13635,7.2
The Mitchells vs. the Machines,2021,144153,7.6
Asterix: The Secret of the Magic Potion,2018,12985,6.7
Turning Red,2022,176286,6.9
The Bad Guys,2022,81987,6.9
Flee,2021,21322,7.9
Teenage Mutant Ninja Turtles: Mutant Mayhem,2023,78921,7.2
Violet Evergarden: The Movie,2020,14983,8.3
Transformers One,2024,68174,7.6
DC League of Super-Pets,2022,80624,6.8
Constantine: City of Demons,2018,11058,7.3
The Sea Beast,2022,66196,7.0
Spider-Man: Across the Spider-Verse,2023,544412,8.5
Weathering with You,2019,71751,7.5
Mortal Kombat Legends: Scorpion's Revenge,2020,21478,7.4
I Lost My Body,2019,38975,7.5
Rascal Does Not Dream of a Dreaming Girl,2019,10648,8.3
